Name,Price,Url,Img
Asrock H81M-VG4 R3.0 Super Alloy ATX Motherboard,"4,500৳",https://www.startech.com.bd/asrock-h81m-vg4-r3-motherboard,https://www.startech.com.bd/image/cache/catalog/motherboard/asrock/h81m-vg4-r3/h81m-vg4-r3-228x228.jpg
ASUS EX-A320M AMD AM4 Socket Gaming Motherboard,"7,200৳",https://www.startech.com.bd/asus-ex-a320m-gaming-motherboard,https://www.startech.com.bd/image/cache/catalog/motherboard/asus/ex-a320m/ex-a320m-1-228x228.jpg
Asus H110M-CS 7th/6th Gen micro-ATX Motherboard,"5,500৳",https://www.startech.com.bd/asus-h110m-cs-micro-atx-motherboard,https://www.startech.com.bd/image/cache/catalog/motherboard/asus/h110m-cs/h110m-cs-1-228x228.jpg
ASUS PRIME B450M-A AMD mATX Motherboard,"9,100৳",https://www.startech.com.bd/asus-prime-b450m-a-amd-motherboard,https://www.startech.com.bd/image/cache/catalog/motherboard/asus/prime-b450m-a/prime-b450m-a-1-228x228.jpg
Esonic G31 DDR2 motherboard ,"2,400৳",https://www.startech.com.bd/esonic-g31-ddr2-motherboard ,https://www.startech.com.bd/image/cache/catalog/Component/motherboard/Esonic/g31-2-228x228.jpg
Asus Rog Strix RX570 OC edition 4GB GDDR5 Graphics Card,"24,000৳",https://www.startech.com.bd/asus-rog-strix-rx570-oc-4g-graphics-card,https://www.startech.com.bd/image/cache/catalog/Component/graphics card/asus/rx-570-oc-4g/asus-strix-570-oc-4g-228x228.jpg
Gigabyte GA-A320M-S2H AMD Micro ATX Motherboard,"5,300৳",https://www.startech.com.bd/gigabyte-ga-a320m-s2h-amd-motherboard,https://www.startech.com.bd/image/cache/catalog/motherboard/gigabyte/ga-a320m-s2h/ga-a320m-s2h-1-228x228.jpg
Gigabyte GA-H110M-DS2 Micro ATX Motherboard,"5,300৳",https://www.startech.com.bd/gigabyte-ga-h110m-ds2-motherboard,https://www.startech.com.bd/image/cache/catalog/motherboard/gigabyte/ga-h110m-ds2/ga-h110m-ds2-1-228x228.jpg
MSI B360M PRO-VDH 8th Gen DDR4 Motherboard ,"7,900৳",https://www.startech.com.bd/msi-b360m-pro-vdh-motherboard,https://www.startech.com.bd/image/cache/catalog/motherboard/msi/b360m-pro-vdh/b360m-pro-vdh-228x228.jpg
MSI B360M PRO-VH DDR4 8th Gen Motherboard,"7,900৳",https://www.startech.com.bd/msi-b360m-pro-vh-mainboard,https://www.startech.com.bd/image/cache/catalog/motherboard/msi/msi-b360m-pro-vh/b360m-pro-vh copy-228x228.jpg
GALAX GeForce GT 1030 2GB DDR4 Graphics Card,"7,900৳",https://www.startech.com.bd/galax-geforce-gt-1030-graphics-card,https://www.startech.com.bd/image/cache/catalog/graphics-card/galax/galax-1030/galax-1030-228x228.png
XFX AMD Radeon RX 570 RS 8GB XXX Edition Graphics Card,"22,500৳",https://www.startech.com.bd/xfx-rx570-rs-8gb-xxx-edition-graphics-card,https://www.startech.com.bd/image/cache/catalog/component/graphics-card/xfx/rx-570/xfx-570-228x228.jpg
Galax Geforce Gtx 1050 Exoc 2GB DDR5 Graphics Card,"13,400৳",https://www.startech.com.bd/galax-gtx-1050-exoc-2gb-graphics-card,https://www.startech.com.bd/image/cache/catalog/graphics-card/galax/galax-1050-exoc/1050-exoc-228x228.jpg
Asus ROG Strix Radeon RX 590 8GB GDDR5 Graphics Card,"35,200৳",https://www.startech.com.bd/asus-rog-strix-radeon-rx590-8gb-graphics-card,https://www.startech.com.bd/image/cache/catalog/graphics-card/asus/rx590-strix/rx590-5-228x228.jpg
MSI H310M Gaming Arctic 8th Gen DDR4 Motherboard,"8,200৳",https://www.startech.com.bd/msi-h310m-gaming-arctic-mohterboard,https://www.startech.com.bd/image/cache/catalog/motherboard/msi/h310m-arctic/h310m-arctic-228x228.jpg
Redfox Intel Chipset G31 Motherboard,"2,500৳",https://www.startech.com.bd/redfox-intel-chipset-g31,https://www.startech.com.bd/image/cache/catalog/Motherboard/Intel/Board 2-228x228.jpg
ASRock A320M-HDV R4.0 AMD Motherboard,"5,500৳",https://www.startech.com.bd/asrock-a320m-hdv-r4.0-amd-motherboard,https://www.startech.com.bd/image/cache/catalog/motherboard/asrock/a320m-hdv-r4/a320m-hdv-r4-228x228.jpg
ASUS H81M-P,"5,500৳",https://www.startech.com.bd/asus-h81m-p,https://www.startech.com.bd/image/cache/catalog/Motherboard/ASUS-H81M-P-228x228.jpg
GALAX GeForce® GTX 1050 Ti EXOC 4 GB DDR5 graphics Card,"15,800৳",https://www.startech.com.bd/galax-gtx-1050-ti-exoc-graphics-card,https://www.startech.com.bd/image/cache/catalog/graphics-card/galax/1050-ti-exoc-graphics-card/1050-ti-exoc-1-228x228.jpg
Gigabyte GTX 1050 Ti Windforce OC 4GB DDR5 Graphics Card,"18,000৳",https://www.startech.com.bd/gigabyte-gtx-1050-ti-windforce-oc-4g,https://www.startech.com.bd/image/cache/catalog/graphics/Gigabyte/Gigabyte GTX 1050 Ti Windforce OC 4G/GTX 1050 Ti Windforce OC 4G-1-228x228.jpg
Asus Turbo GeForce RTX 2060 6GB GDDR6 Graphics Card,"42,200৳",https://www.startech.com.bd/asus-turbo-rtx-2060-6g-graphics-card,https://www.startech.com.bd/image/cache/catalog/graphics-card/asus/turbo-2060/turbo-2060-228x228.jpg
GALAX GeForce® GTX 1050 Ti EXOC White 4GB DDR5 Graphics Card,"15,800৳",https://www.startech.com.bd/galax-geforce-gtx-1050-ti-exoc-white-graphics-card,https://www.startech.com.bd/image/cache/catalog/graphics-card/galax/1050-ti-exoc-graphics-card/1050exoc-white-228x228.jpg
Asus ROG STRIX B450-I GAMING AMD Mini ITX Motherboard,"16,100৳",https://www.startech.com.bd/asus-rog-strix-b450-i-gaming-amd-mini-itx-motherboard,https://www.startech.com.bd/image/cache/catalog/motherboard/asus/rog-strix-b450-i-gaming/rog-strix-b450-i-gaming-1-228x228.jpg
Esonic G41 DDR3 Motherboard,"2,900৳",https://www.startech.com.bd/esonic-g41-ddr3-motherboard,https://www.startech.com.bd/image/cache/catalog/Component/motherboard/Esonic/Mother Board Esonic 41-228x228.jpg
Gigabyte GA-H110M-DS2V Motherboard,"5,300৳",https://www.startech.com.bd/gigabyte-ga-h110m-ds2v,https://www.startech.com.bd/image/cache/catalog/Motherboard/Gigabyte/Gigabyte GA-H110M-DS2V/Gigabyte GA-H110M-DS2V-228x228.png
Redfox Intel Chipset G41 DDR3 Motherboard,"3,000৳",https://www.startech.com.bd/redfox-intel-chipset-g41,https://www.startech.com.bd/image/cache/catalog/Motherboard/Intel/Board 2-228x228.jpg
Gigabyte Geforce GTX 1050 Ti G1 Gaming 4GB DDR5 Graphics Card,"18,800৳",https://www.startech.com.bd/gigabyte-geforce-gtx-1050-ti-g1-gaming-4g,https://www.startech.com.bd/image/cache/catalog/graphics/Gigabyte/Gigabyte GTX 1050 Ti G1 Gaming 4G-1-228x228.jpg
Asus Dual GeForce RTX 2060 OC edition 6GB GDDR6 Graphics Card,"46,900৳",https://www.startech.com.bd/asus-dualL-rtx-2060-o6g-graphics-card,https://www.startech.com.bd/image/cache/catalog/graphics-card/asus/dual-rtx-2060-o6g/dual-rtx-2060-o6g-228x228.jpg
GALAX GeForce RTX 2070 EX (1-Click OC) 8GB GDDR6 Graphics Card,"52,500৳",https://www.startech.com.bd/galax-rtx-2070-ex-8gb-graphics-card,https://www.startech.com.bd/image/cache/catalog/graphics-card/galax/2070/galax-8gb-2070-228x228.jpg
Gigabyte GeForce RTX 2070 Gaming OC 8G GDDR6 Graphics Card,"57,000৳",https://www.startech.com.bd/gigabyte-geforce-rtx-2070-8g-graphics-card,https://www.startech.com.bd/image/cache/catalog/graphics-card/gigabyte/rtx-2070-gaming/rtx-2070-228x228.jpg
ASRock B450M-HDV R4.0 AMD Motherboard,"7,700৳",https://www.startech.com.bd/asrock-b450m-hdv-r4-amd-motherboard,https://www.startech.com.bd/image/cache/catalog/motherboard/asrock/b450m-hdv-r4/b450m-hdv-r4-228x228.jpg
Asus H110M-E/M.2 DDR4 USB 3.0 ATX Motherboard,"5,700৳",https://www.startech.com.bd/asus-h110m-e-m2-motherboard,https://www.startech.com.bd/image/cache/catalog/Component/motherboard/asus/H110m/h110m-228x228.png
Asus ROG STRIX X470-F GAMING AMD ATX Motherboard,"20,900৳",https://www.startech.com.bd/asus-rog-strix-x470-f-gaming-amd-motherboard,https://www.startech.com.bd/image/cache/catalog/motherboard/asus/rog-strix-x470-f-gaming/rog-strix-x470-f-gaming-1-228x228.jpg
Gigabyte GA-G41M-Combo Motherboard,"5,700৳",https://www.startech.com.bd/gigabyte-ga-g41m-combo-motherboard,https://www.startech.com.bd/image/cache/catalog/motherboard/gigabyte/ga-g41m-combo/ga-g41m-combo-1-228x228.jpg
Asus ROG Strix GeForce RTX 2060 OC edition 6GB GDDR6 Graphics Card,"51,500৳",https://www.startech.com.bd/asus0rog-strix-rtx2060-o6g-graphics-card,https://www.startech.com.bd/image/cache/catalog/graphics-card/asus/2060-o6g/2060-o6g-228x228.jpg
Gigabyte GTX 1050 Ti OC 4GB DDR5 Graphics Card,"17,500৳",https://www.startech.com.bd/gigabyte-geforce-gtx-1050-ti-oc-4g,https://www.startech.com.bd/image/cache/catalog/graphics/Gigabyte/Gigabyte GeForce® GTX 1050 Ti OC 4G/Gigabyte GeForce® GTX 1050 Ti OC 4G-1-228x228.jpg
GALAX GeForce RTX 2080 EX (1-Click OC) 8GB GDDR6 Graphics Card,"76,000৳",https://www.startech.com.bd/galax-rtx-2080-ex-1-click-oc-8g-graphics-card,https://www.startech.com.bd/image/cache/catalog/graphics-card/galax/2080ex-oc/2080ex-oc-228x228.jpg
GALAX GeForce RTX 2080Ti SG (1-Click OC) 11GB GDDR6 Graphics Card,"108,000৳",https://www.startech.com.bd/galax-rtx-2080ti-sg-11g-graphics-card,https://www.startech.com.bd/image/cache/catalog/graphics-card/galax/rtx-2080ti-sg-1clickoc/rtx-2080ti-sg-1clickoc-5-228x228.jpg
Gigabyte AORUS GeForce RTX 2070 XTREME 8GB GDDR6 Graphics Card,"63,000৳",https://www.startech.com.bd/gigabyte-aorus-rtx-2070-xreme-8g-graphics-card,https://www.startech.com.bd/image/cache/catalog/graphics-card/gigabyte/rtx-2070-xtreme/2070-1-228x228.jpg
Asus ROG Strix GeForce RTX 2070 OC edition 8GB GDDR6 Graphics,"71,000৳",https://www.startech.com.bd/product/product?path=25_172&product_id=9427,https://www.startech.com.bd/image/cache/catalog/graphics-card/asus/rtx-2070-o8g/rtx2070-228x228.jpg
Asus ROG Strix GeForce RTX 2080 Ti OC edition 11GB GDDR6 Graphics Card,"148,500৳",https://www.startech.com.bd/asus-rog-strix-rtx-2080ti-oc-11g-graphics-card,https://www.startech.com.bd/image/cache/catalog/graphics-card/asus/rtx-2080ti/rtx-2080ti-228x228.jpg
Gigabyte GeForce RTX 2080 WINDFORCE OC 8G GDDR6 Graphics Card,"74,000৳",https://www.startech.com.bd/gigabyte-geforce-rtx-2080-windforce-oc-8g-graphics-card,https://www.startech.com.bd/image/cache/catalog/graphics-card/gigabyte/2080-windforce/2080-windforce-1-228x228.jpg
AMD Ryzen 3 2200G Quad-Core Processor With Radeon Vega 8 Graphics,"9,000৳",https://www.startech.com.bd/amd-ryzen-3-2200g-processor,https://www.startech.com.bd/image/cache/catalog/processor/amd/ryzen-2200g/ryzen-2200g-1-228x228.jpg
Intel Pentium Gold G5400 8th Gen Processor,"7,000৳",https://www.startech.com.bd/intel-pentium-gold-g5400-8th-gen-processor,https://www.startech.com.bd/image/cache/catalog/processor/Intel/g5400/g5400-228x228.jpg
AMD RYZEN 5 1400 4-Core 3.2GHz Turbo Core Speed 3.4GHz Processor,"13,500৳",https://www.startech.com.bd/amd-ryzen-5-1400,https://www.startech.com.bd/image/cache/catalog/Component/processor/AMD RYZEN 5 1400 4-Core 3.2GHz Turbo Core Speed 3.4GHz Processor-1-228x228.jpg
Intel 7th Generation Pentium Processor G4560,"7,800৳",https://www.startech.com.bd/intel-7th-gen-pentium-processor-g4560,https://www.startech.com.bd/image/cache/catalog/processor/Intel/7th Gen/Intel 7th Generation Pentium Processor G4560-228x228.jpg
AMD Ryzen 5 2400G Desktop Processor with Radeon RX Vega 11 Graphics,"14,000৳",https://www.startech.com.bd/amd-ryzen-5-2400g-processor,https://www.startech.com.bd/image/cache/catalog/processor/amd/2400g/ryzen-5-2400g-228x228.jpg
Intel 8th Generation Core i3-8100 Processor,"11,000৳",https://www.startech.com.bd/intel-8th-gen-core-i3-8100-processor,https://www.startech.com.bd/image/cache/catalog/processor/Intel/intel-8th-gen-core-i3-8100/Intel 8th Generation Core i3 Processor-3-228x228.jpg
Intel 7th Generation Core i3-7100 Processor,"12,200৳",https://www.startech.com.bd/intel-7th-gen-core-i3-7100-processor,https://www.startech.com.bd/image/cache/catalog/Component/processor/7100/i3 7100-228x228.jpg
AMD Ryzen 5 2600 Processor,"17,000৳",https://www.startech.com.bd/amd-ryzen-5-2600-processor,https://www.startech.com.bd/image/cache/catalog/processor/amd/r5-2600/r5-228x228.jpg
Intel 9th Gen Core i5 9400F Processor,"16,500৳",https://www.startech.com.bd/intel-core-i5-9400f-processor,https://www.startech.com.bd/image/cache/catalog/processor/intel/i5-9400f/intel-9400f-228x228.jpg
Intel 7th Generation Core i5-7400 Processor,"17,300৳",https://www.startech.com.bd/intel-core-i5-7400,https://www.startech.com.bd/image/cache/catalog/processor/Intel/7th Gen/i5-7400 Processor-228x228.jpg
AMD Ryzen 5 2600X Processor,"20,000৳",https://www.startech.com.bd/amd-ryzen-5-2600x-processor,https://www.startech.com.bd/image/cache/catalog/processor/amd/r5-2600/r5-228x228.jpg
Intel 8th Generation Core i5-8400 Processor,"17,500৳",https://www.startech.com.bd/intel-8th-gen-core-i5-8400-processor,https://www.startech.com.bd/image/cache/catalog/processor/Intel/intel-8th-gen-core-i5-8400/Intel 8th Gen Core i5-8400-1-228x228.jpg
Intel Core i5-7640X X-series Kaby Lake Processor,"20,800৳",https://www.startech.com.bd/intel-core-i5-7640x-x-series,https://www.startech.com.bd/image/cache/catalog/processor/Intel/Intel Core i5-7640X X-series/Intel Core i5-7640X X-series-228x228.jpg
AMD Ryzen 7 2700 Desktop Processor,"28,000৳",https://www.startech.com.bd/amd-ryzen-7-2700-processor,https://www.startech.com.bd/image/cache/catalog/processor/AMD/ryzen-7-2700/ryzen-7-228x228.jpg
Intel 9th Generation Core i5-9600K Processor,"23,800৳",https://www.startech.com.bd/intel-core-i5-9600k-processor,https://www.startech.com.bd/image/cache/catalog/processor/Intel/9600k/9600k-3-228x228.jpg
AMD Ryzen 7 2700X Processor,"29,000৳",https://www.startech.com.bd/amd-ryzen-7-2700x-processor,https://www.startech.com.bd/image/cache/catalog/processor/amd/2700x/2700x-0-228x228.jpg
Intel® 7th Generation Core™ i7-7700 Processor,"28,500৳",https://www.startech.com.bd/intel-7th-gen-core-i7-7700,https://www.startech.com.bd/image/cache/catalog/processor/Intel/7th Gen/Intel 7th Gen Core i7-7700-228x228.jpg
AMD Ryzen Threadripper 1900X 8-core/16 thread Desktop Processor,"43,500৳",https://www.startech.com.bd/amd-ryzen-threadripper-1900x,https://www.startech.com.bd/image/cache/catalog/processor/AMD/ryzen-threadripper-228x228.png
AMD Ryzen Threadripper 1920X 12-core/24-thread Desktop Processor,"45,000৳",https://www.startech.com.bd/amd-ryzen-threadripper-1920x-processor,https://www.startech.com.bd/image/cache/catalog/processor/AMD/ryzen-threadripper-228x228.png
AMD Athlon 200GE AM4 Socket Desktop Processor with Radeon Vega 3 Graphics,"5,700৳",https://www.startech.com.bd/amd-athlon-200ge-processor,https://www.startech.com.bd/image/cache/catalog/processor/amd/Athlon/athlon-228x228.jpg
Intel 8th Generation Core i7-8700 Processor,"29,000৳",https://www.startech.com.bd/intel-8th-gen-i7-8700-processor,https://www.startech.com.bd/image/cache/catalog/processor/intel/8700/i7-8700-228x228.jpg
Gigabyte GA-H110M S2PH-DDR4,"5,700৳",https://www.startech.com.bd/Gigabyte-GA-H110M-S2PH-DDR4 ,https://www.startech.com.bd/image/cache/catalog/Motherboard/Gigabyte/Gigabyte GA-H110M S2PH-DDR4-228x228.jpg
Asrock H310M-HDV/M.2 8th Gen DDR4 Motherboard,"6,400৳",https://www.startech.com.bd/asrock-h310m-hdv-m.2-motherboard,https://www.startech.com.bd/image/cache/catalog/motherboard/asrock/h310m-hdvm2/h310m-hdvm.2-228x228.jpg
ASUS H110M-K Motherboard,"5,500৳",https://www.startech.com.bd/ASUS-H110M-K-Motherboard,https://www.startech.com.bd/image/cache/catalog/Motherboard/ASUS/ASUS H110M-K/ASUS H110M-K-1-228x228.jpg
Asus Prime A320M-K AMD AM4 uATX Motherboard,"6,300৳",https://www.startech.com.bd/asus-prime-a320m-k-motherboard,https://www.startech.com.bd/image/cache/catalog/motherboard/asus/a320m-k/a320m-k-228x228.jpg
Asus Prime B450-PLUS AMD AM4 ATX Motherboard,"10,200৳",https://www.startech.com.bd/asus-prime-b450-plus-motherboard,https://www.startech.com.bd/image/cache/catalog/motherboard/asus/prime-b450-plus/prime-b450-plus-228x228.jpg
Asus ROG CROSSHAIR VI HERO AMD X370 ATX Gaming Motherboard,"22,800৳",https://www.startech.com.bd/aus-rog-crosshair-vi-hero-motherboard,https://www.startech.com.bd/image/cache/catalog/motherboard/asus/crosshair-vi-hero/crosshair-vi-hero-228x228.jpg
Gigabyte AMD B450M Gaming Motherboard,"7,500৳",https://www.startech.com.bd/gigabyte-amd-b450-gaming-motherboard,https://www.startech.com.bd/image/cache/catalog/motherboard/gigabyte/b450m-gaming/b450m-228x228.jpg
Gigabyte GA-B75M-S LGA 1155 Micro-ATX Motherboard,"6,200৳",https://www.startech.com.bd/gigabyte-gt-b75m-s-motherboard,https://www.startech.com.bd/image/cache/catalog/motherboard/gigabyte/b75m-s/b75m-s-228x228.jpg
Gigabyte GA-H81M-DS2 Micro ATX Motherboard,"5,300৳",https://www.startech.com.bd/gigabyte-ga-h81m-ds2-motherboard,https://www.startech.com.bd/image/cache/catalog/motherboard/gigabyte/ga-h81m-ds2/ga-h81m-ds2-1-228x228.jpg
Asrock X370 Killer SLI AMD Motherboard,"9,700৳",https://www.startech.com.bd/asrock-x370-killer-sli-amd-motherboard,https://www.startech.com.bd/image/cache/catalog/motherboard/asrock/x370-killer-sli/x370-killer-sli-1-228x228.jpg
ASUS H110M-A Motherboard,"5,900৳",https://www.startech.com.bd/ASUS-H110M-A-Motherboard,https://www.startech.com.bd/image/cache/catalog/Component/motherboard/asus/cg-228x228.png
ASUS H81M-C Motherboard,"5,700৳",https://www.startech.com.bd/asus-h81m-c-motherboard,https://www.startech.com.bd/image/cache/data/mother board/h81m-c-228x228.jpg
Gigabyte GA-B250M-D2V 7th/6th Gen Micro ATX Motherboard,"6,300৳",https://www.startech.com.bd/gigabyte-ga-b250m-d2v-motherboard,https://www.startech.com.bd/image/cache/catalog/motherboard/gigabyte/ga-b250m-d2v/ga-b250m-d2v-1-228x228.jpg
Asrock B360M-HDV 8th Gen DDR4 Motherboard,"7,200৳",https://www.startech.com.bd/asrock-b360m-hdv-motherboard,https://www.startech.com.bd/image/cache/catalog/motherboard/asrock/b360m-hdv/b360m-hdv-228x228.jpg
Asus Tinker Board With Rockchip Quad-Core RK3288 processor,"5,950৳",https://www.startech.com.bd/asus-tinker-board,https://www.startech.com.bd/image/cache/catalog/motherboard/asus/tinker-board/tinker-board-228x228.jpg
Gigabyte B450M DS3H AM4 AMD Micro ATX Motherboard,"8,000৳",https://www.startech.com.bd/gigabyte-b450m-ds3h-amd-motherboard,https://www.startech.com.bd/image/cache/catalog/motherboard/gigabyte/b450m-ds3h/b450m-ds3h-1-228x228.jpg
Gigabyte H310M DS2V 8th Gen Motherboard,"6,800৳",https://www.startech.com.bd/gigabyte-h310m-ds2v-motherboard,https://www.startech.com.bd/image/cache/catalog/motherboard/gigabyte/h310m-ds2v/h310m-ds2v-228x228.jpg
Asrock Fatal1ty B450 Gaming K4 AMD Motherboard,"10,500৳",https://www.startech.com.bd/asrock-fatal1ty-b450-gaming-k4-amd-motherboard,https://www.startech.com.bd/image/cache/catalog/motherboard/asrock/fatal1ty-b450-gaming-k4/fatal1ty-b450-gaming-k4-1-228x228.jpg
Asrock H310M-G/M.2 8th Gen DDR4 Motherboard,"7,300৳",https://www.startech.com.bd/asrock-h310m-g-m-2-motherboard,https://www.startech.com.bd/image/cache/catalog/motherboard/asrock/h310m-gm2/h310m-gm2-228x228.jpg
ASUS H61M-K,"6,400৳",https://www.startech.com.bd/asus-h61m-k,https://www.startech.com.bd/image/cache/catalog/motherboard/asus/h61m-k/h61m-k-228x228.jpg
Gigabyte H310M H 8th Gen Micro ATX Motherboard,"6,800৳",https://www.startech.com.bd/gigabyte-h310m-h-8th-gen-motherboard,https://www.startech.com.bd/image/cache/catalog/motherboard/gigabyte/h310m-h/h310m-h-1-228x228.jpg
Gigabyte GeForce RTX 2060 Gaming OC Pro 6G Graphics Card,"41,000৳",https://www.startech.com.bd/gigabyte-rtx-2060-oc-pro-6g-graphics-card,https://www.startech.com.bd/image/cache/catalog/graphics-card/gigabyte/rtx-2060-pro-6gb/rtx-2060-pro-6gb-228x228.jpg
Gigabyte GeForce RTX 2060 OC 6GB Graphics Card,"38,000৳",https://www.startech.com.bd/gigabyte-rtx-2060-oc-6gb-graphics-card,https://www.startech.com.bd/image/cache/catalog/graphics-card/gigabyte/rtx-oc-6gb/oc-6gb-228x228.jpg
Gigabyte GeForce RTX 2060 WINDFORCE OC 6G Graphics Card,"39,000৳",https://www.startech.com.bd/gigabyte-rtx-2060-windforce-6gb-graphics-card,https://www.startech.com.bd/image/cache/catalog/graphics-card/gigabyte/rtx-2060/rtx-2060-228x228.jpg
Gigabyte GeForce RTX 2080 GAMING OC WHITE 8G GDDR6 Graphics Card  ,"78,500৳",https://www.startech.com.bd/gigabyte-geforce-rtx-2080-gaming-oc-white-8g-graphics-card  ,https://www.startech.com.bd/image/cache/catalog/graphics-card/gigabyte/2080-gaming/2080-gaming-1-228x228.jpg
Gigabyte GeForce RTX 2080 Gaming OC 8G Graphics Card,"81,000৳",https://www.startech.com.bd/gigabyte-rtx-2080-oc-8g-graphics-card,https://www.startech.com.bd/image/cache/catalog/graphics-card/gigabyte/rtx-2080-oc-8g/rtx-2080-oc-8g-228x228.jpg
Gigabyte Aorus GeForce RTX 2080 Xtreme 8G Graphics Card,"86,000৳",https://www.startech.com.bd/gigabyte-aorus-rtx-2080-xtreme-graphics-card,https://www.startech.com.bd/image/cache/catalog/graphics-card/gigabyte/2080-aorus-8g/2080-8g-228x228.jpg
GALAX GeForce RTX 2080Ti HOF 11GB GDDR6 Graphics Card,"148,000৳",https://www.startech.com.bd/galax-rtx-2080ti-hof-11gb-graphics-card,https://www.startech.com.bd/image/cache/catalog/graphics-card/galax/2080ti-hof/2080ti-hof-228x228.jpg
XFX RX 580 GTS XXX Edition 8GB DDR5 Graphics Card,"27,000৳",https://www.startech.com.bd/xfx-580-gts-xxx-edition-8gb-graphics-card,https://www.startech.com.bd/image/cache/catalog/component/graphics-card/xfx/xfx-rx580-228x228.jpg
ASRock Phantom Gaming X Radeon RX590 8G OC Graphics Card,"28,200৳",https://www.startech.com.bd/asrock-phantom-gaming-x-radeon-rx590-8g-oc-graphics-card,https://www.startech.com.bd/image/cache/catalog/graphics-card/asrock/rx590-8g-oc/phantom-gaming-x-radeon-rx590-8g-oc-1-228x228.jpg
ASRock Phantom Gaming Radeon RX560 4GB GDDR5 Graphics Card,"14,000৳",https://www.startech.com.bd/phantom-rx560-4g-graphics-card,https://www.startech.com.bd/image/cache/catalog/graphics-card/asrock/rx560-4gb/rx560-4gb-228x228.jpg
ASRock Phantom Gaming X Radeon RX580 8G OC Graphics Card,"32,000৳",https://www.startech.com.bd/phantom-gxr-rx580-8g-oc-graphics-card,https://www.startech.com.bd/image/cache/catalog/graphics-card/asrock/rx580-8g/rx580-8g-oc-228x228.jpg
Asus Cerberus GeForce GTX 1050 Ti OC Edition 4GB GDDR5 Graphics Card,"20,200৳",https://www.startech.com.bd/asus-cerberus-gtx-1050ti-o4g-graphics-card,https://www.startech.com.bd/image/cache/catalog/graphics-card/asus/cerberus-1050ti-oc-4g/1050ti-oc-4g-228x228.jpg
Asus Dual GTX1070 OC 8GB GDDR5 Graphics Card,"51,000৳",https://www.startech.com.bd/asus-dual-gtx1070-oc-8gb,https://www.startech.com.bd/image/cache/catalog/graphics/Asus/ASUS DUAL-GTX1070-OC-8GB-228x228.jpg
ASUS GeForce GT 1030 2GB GDDR5 graphics card ,"9,500৳",https://www.startech.com.bd/asus-gt-1030-2gb-graphics-card ,https://www.startech.com.bd/image/cache/catalog/Component/graphics card/asus/1030/g10330-228x228.png
Asus GT710-SL-2GD5 Graphics Card,"5,800৳",https://www.startech.com.bd/asus-gt-710-sl-2gd5-graphics-card,https://www.startech.com.bd/image/cache/catalog/Component/graphics card/asus/710/gt-sl-710-2gb/710-228x228.png
Asus Phoenix GeForce GT 1030 OC edition 2GB DDR4 Graphics Card,"8,800৳",https://www.startech.com.bd/ph-gt1030-O2gd4-graphics-card,https://www.startech.com.bd/image/cache/catalog/graphics-card/asus/ph-1030-oc-2g/asus-ph-1030-oc-2g-228x228.jpg
Asus Strix GeForce® GTX 1060-DC2O6G OC Edition 6GB GDDR5 Graphics Card,"35,500৳",https://www.startech.com.bd/asus-strix-gtx1060-dc2O6g,https://www.startech.com.bd/image/cache/catalog/Component/graphics card/asus/206g/206g--228x228.png
Galax GeForce GTX 1060 OC 6GB GDDR5X Graphics Card,"27,500৳",https://www.startech.com.bd/galax-gtx-1060-oc-graphics-card,https://www.startech.com.bd/image/cache/catalog/graphics-card/galax/1060-oc-6gb/1060-oc-6gb-228x228.jpg
GALAX GeForce GTX 1070 Ti HOF 8 GB GDDR5/X Graphics Card,"50,500৳",https://www.startech.com.bd/galax-geforce-gtx-1070-ti-hof-graphics-card,https://www.startech.com.bd/image/cache/catalog/graphics-card/galax/1070ti-8gb-hof/hof-gtx-1070ti-1-228x228.jpg
GALAX GeForce® GTX 1050 Ti OC DDR5 4 GB Graphics Card,"16,500৳",https://www.startech.com.bd/galax-gtx-1050-ti-oc-graphics-card,https://www.startech.com.bd/image/cache/catalog/graphics-card/galax/1050-ti-oc/1050-ti-oc-228x228.jpg
GALAX GeForce® GTX 1060 EXOC White 6GB GDDR5/X Graphics Card,"28,500৳",https://www.startech.com.bd/galax-geforce-gtx-1060-exoc-graphics-card,https://www.startech.com.bd/image/cache/catalog/graphics-card/galax/1060-exoc-white/1060-white-228x228.jpg
Intel 8th Generation Core i7-8700K Processor,"37,200৳",https://www.startech.com.bd/intel-8th-gen-i7-8700k,https://www.startech.com.bd/image/cache/catalog/processor/Intel/8th Gen/Intel 8th Gen i7 8700K/8700k-228x228.jpg
Intel 9th Generation Core i7-9700K Processor,"38,500৳",https://www.startech.com.bd/intel-core-i7-9700k-processor,https://www.startech.com.bd/image/cache/catalog/processor/intel/9700k/i7-9700k-1-228x228.jpg
AMD Ryzen Threadripper 1950X 16-core/32-thread Desktop Processor,"71,500৳",https://www.startech.com.bd/amd-ryzen-threadripper-1950x-processor,https://www.startech.com.bd/image/cache/catalog/processor/AMD/ryzen-threadripper-228x228.png
Intel 9th generation Core i9-9900K Processor,"49,000৳",https://www.startech.com.bd/intel-core-i9-9900k-processor,https://www.startech.com.bd/image/cache/catalog/processor/Intel/9900k/intel-core-i9-9900k-228x228.jpg
Intel 6th Generation Core i7-6900K Processor,"80,500৳",https://www.startech.com.bd/intel-i7-6900k,https://www.startech.com.bd/image/cache/catalog/processor/Intel/Intel® i7-6900K/Intel® i7-6900K-228x228.jpg
Intel Core i9 7900x X-series Skylake Processor,"80,800৳",https://www.startech.com.bd/intel-core-i9-7900x-x-series,https://www.startech.com.bd/image/cache/catalog/processor/Intel/Intel Core i9 7900x X-series/Intel Core i9 7900x X-series-228x228.jpg
AMD Ryzen™ Threadripper™ 2990WX Processor,0৳,https://www.startech.com.bd/amd-ryzen-threadripper-2990wx-processor,https://www.startech.com.bd/image/cache/catalog/processor/AMD/2990wx/amd-ryzen-threadripper-2990wx-2-228x228.jpg
Intel 6th Generation Pentium Processor G4400,"7,000৳",https://www.startech.com.bd/intel-6th-generation-pentium-processor-g4400,https://www.startech.com.bd/image/cache/catalog/processor/4400-228x228.png
Intel 8th Generation Core i5-8500 Processor,"23,200৳",https://www.startech.com.bd/intel-core-i5-8500-processor,https://www.startech.com.bd/image/cache/catalog/processor/Intel/8500/8500-228x228.jpg
Intel 8th Generation Core i5-8600k Processor,"23,600৳",https://www.startech.com.bd/intel-8600k-i5-processor,https://www.startech.com.bd/image/cache/catalog/processor/Intel/8th Gen/8600k/8600k-228x228.jpg
Intel® 7th Generation Core™ i5-7500 Processor,"17,500৳",https://www.startech.com.bd/intel-7th-generation-core-i5-processor,https://www.startech.com.bd/image/cache/catalog/processor/Intel/7th Gen/Intel 7th Generation Core i5-7500-228x228.jpg
Asrock Fatal1ty B250M Performance Motherboard,"7,000৳",https://www.startech.com.bd/asrock-fatal1ty-b250m-performance,https://www.startech.com.bd/image/cache/catalog/motherboard/asrock/b250m-performance/b250m-performance-228x228.jpg
Asus EX-H310M-V3 8th Gen Micro-ATX Motherboard,"6,700৳",https://www.startech.com.bd/asus-ex-h310m-v3-8th-gen-motherboard,https://www.startech.com.bd/image/cache/catalog/motherboard/asus/ex-h310m-v3/ex-h310m-v3-1-228x228.jpg
Gigabyte H310M S2P 8th Gen Micro ATX Motherboard,"6,800৳",https://www.startech.com.bd/gigabyte-h310m-s2p-8th-gen-motherboard,https://www.startech.com.bd/image/cache/catalog/motherboard/gigabyte/h310m-s2p/h310m-s2p-1-228x228.jpg
Asus PRIME H310M-K 8th Gen mATX Motherboard,"6,700৳",https://www.startech.com.bd/asus-prime-h310m-k-8th-gen-motherboard,https://www.startech.com.bd/image/cache/catalog/motherboard/asus/prime-h310m-k/asus-prime-h310m-k-1-228x228.jpg
Asus ROG MAXIMUS XI CODE Intel Z390 ATX Gaming Motherboard,"33,500৳",https://www.startech.com.bd/asus-rog-maximus-xi-code-motherboard,https://www.startech.com.bd/image/cache/catalog/motherboard/asus/maximus-xi-code/maximus-xi-code-228x228.jpg
Asus ROG MAXIMUS XI FORMULA 9th Gen Motherboard,"40,000৳",https://www.startech.com.bd/asus-rog-maximus-xi-formula-9th-gen-motherboard,https://www.startech.com.bd/image/cache/catalog/motherboard/asus/rog-maximus-xi-formula/rog-maximus-xi-formula-1-228x228.jpg
Gigabyte B360M H Ultra Durable 9th Gen Motherboard,"7,800৳",https://www.startech.com.bd/gigabyte-b360m-h-motherboard,https://www.startech.com.bd/image/cache/catalog/motherboard/gigabyte/b360m-h/b360m-h-228x228.jpg
GIGABYTE GA-J1800M-D3P Motherboard with Built In 2.41Ghz DDR3 Celeron Processor,"5,100৳",https://www.startech.com.bd/gigabyte-ga-j1800m-d3p,https://www.startech.com.bd/image/cache/catalog/Motherboard/Gigabyte/GIGABYTE GA-J1800M-D3P/GIGABYTE GA-J1800M-D3P-1-228x228.jpg
Gigabyte H310M DS2 8th Gen Micro ATX Motherboard,"7,000৳",https://www.startech.com.bd/gigabyte-h310m-ds2-8th-gen-motherboard,https://www.startech.com.bd/image/cache/catalog/motherboard/gigabyte/h310m-ds2/h310m-ds2-1-228x228.jpg
ASRock Fatal1ty X370 Gaming-ITX/ac AMD Motherboard,"17,500৳",https://www.startech.com.bd/asrock-fatal1ty-x370-itx-ac-motherboard,https://www.startech.com.bd/image/cache/catalog/Component/motherboard/Asrock m/itx/X370 Gaming-ITXac1-228x228.jpg
GALAX GeForce® GTX 1080 EXOC-SNPR WHITE 8GB GDDR5/X Graphics Card,"67,000৳",https://www.startech.com.bd/galax-gtx-1080-exoc-snpr-8gb-graphics-card,https://www.startech.com.bd/image/cache/catalog/graphics-card/galax/1080-snipper/galax-gtx1080-sniper-228x228.jpg
Gigabyte GA-H110M-M.2 DDR4,"5,800৳",https://www.startech.com.bd/gigabyte-ga-h110m-m.2-ddr4-motherboard,https://www.startech.com.bd/image/cache/catalog/motherboard/gigabyte/ga-h110m-m.2/gigabyte-ga-h110m-m.2-ddr4-1-228x228.jpg
Gigabyte H310M S2 8th Gen Micro ATX Motherboard,"7,000৳",https://www.startech.com.bd/gigabyte-h310m-s2-8th-gen-motherboard,https://www.startech.com.bd/image/cache/catalog/motherboard/gigabyte/h310m-s2/h310m-s2-1-228x228.jpg
Asrock Fatal1ty X470 Gaming K4 AMD Motherboard,"18,200৳",https://www.startech.com.bd/asrock-fatal1ty-x470-gaming-k4-motherboard,https://www.startech.com.bd/image/cache/catalog/motherboard/asrock/x470-gaming-k4/x470-gaming-k-228x228.jpg
Asus PRIME H310M-C/CSM 8th Gen Micro-ATX Motherboard,"7,000৳",https://www.startech.com.bd/asus-prime-h310m-c-csm-8th-gen-motherboard,https://www.startech.com.bd/image/cache/catalog/motherboard/asus/prime-h310m-c-csm/prime-h310m-c-csm-1-228x228.jpg
Gigabyte B360M D2V 8th Gen Motherboard,"7,600৳",https://www.startech.com.bd/gigabyte-b360m-d2v-motherboard,https://www.startech.com.bd/image/cache/catalog/motherboard/gigabyte/b360m-d2v/b360m-d2v-228x228.png
Gigabyte Aorus GeForce GTX 1070 Ti 8G GDDR5 Graphics Card,"52,500৳",https://www.startech.com.bd/gigabyte-aorus-geforce-gtx-1070-ti-8g-graphics-card,https://www.startech.com.bd/image/cache/catalog/graphics-card/gigabyte/aorus-1070-ti-8g/1070-ti-228x228.jpg
Gigabyte Aorus GeForce GTX 1080 Ti Xtreme Edition 11G GDDR5X Graphics Card,"87,500৳",https://www.startech.com.bd/gigabyte-aorus-gtx-1080-ti-xtreme-edition-11g,https://www.startech.com.bd/image/cache/catalog/Component/graphics card/Gigabyte/1080 ti/xtrem/x1-228x228.png
Gigabyte Aorus GeForce RTX 2070 8G GDDR6 Graphics Card,"61,000৳",https://www.startech.com.bd/aorus-geforce-rtx-2070-8g-graphics-card,https://www.startech.com.bd/image/cache/catalog/graphics-card/gigabyte/rtx-2070/2070-228x228.jpg
Gigabyte Aorus GeForce® GTX 1060 6G GDDR5 Graphics Card,"34,000৳",https://www.startech.com.bd/gigabyte-aorus-geforce-gtx-1060-6g-graphics-card,https://www.startech.com.bd/image/cache/catalog/component/graphics-card/gigabyte/gtx-1060-228x228.png
Gigabyte Aorus GeForce® Gtx 1060 Xtreme Edition 6G 9Gbps Graphics Card,"36,000৳",https://www.startech.com.bd/gigabyte-aorus-gtx-1060-xtreme-edition-6g-9gbps,https://www.startech.com.bd/image/cache/catalog/Component/graphics card/Gigabyte/new/g1060-228x228.png
Gigabyte B360M D3V 8th Gen Motherboard,"7,800৳",https://www.startech.com.bd/gigabyte-b360m-d3v-motherboard,https://www.startech.com.bd/image/cache/catalog/motherboard/gigabyte/b360m-d3v/b360m-d3v-228x228.jpg
ASUS PRIME B250M-K DDR4 ATX Motherboard,"7,150৳",https://www.startech.com.bd/asus-prime-b250m-k,https://www.startech.com.bd/image/cache/catalog/Motherboard/ASUS/ASUS PRIME B250M-K/ASUS PRIME B250M-K-1-228x228.png
Gigabyte B360M HD3 8th Gen Motherboard,"8,000৳",https://www.startech.com.bd/gigabyte-b360m-hd3-motherboard,https://www.startech.com.bd/image/cache/catalog/motherboard/gigabyte/b360m-hd3/b360m-hd3-228x228.jpg
Gigabyte B450 I AORUS PRO WIFI AMD Mini-ITX Motherboard,"12,500৳",https://www.startech.com.bd/gigabyte-b450-i-aorus-pro-wifi-amd-mini-itx-motherboard,https://www.startech.com.bd/image/cache/catalog/motherboard/gigabyte/b450-i-aorus-pro-wifi/b450-i-aorus-pro-wifi-1-228x228.jpg
Gigabyte AORUS GeForce® GTX 1080 Ti 11G Graphics Card,"96,000৳",https://www.startech.com.bd/gigabyte-aorus-gtx-1080ti-11g-graphics-card,https://www.startech.com.bd/image/cache/catalog/Component/graphics card/Gigabyte/1080 ti/1-228x228.png
Gigabyte GTX 980 Ti XTREME 6GB DDR5 Graphics Card,"51,500৳",https://www.startech.com.bd/Gigabyte-GV-N98T-XTREME-6GD-6GD-6-GB-DDR5-Graphics-Card,https://www.startech.com.bd/image/cache/catalog/graphics/Gigabyte/GV-N98T XTRE-001-228x228.png
Zotac GeForce GT 710 2GB DDR3 Graphics Card,"4,350৳",https://www.startech.com.bd/zotac-gt-710-2gb-graphics-card,https://www.startech.com.bd/image/cache/catalog/graphics-card/zotac/gt-710/zotac-710-228x228.jpg
Asus Phoenix GeForce GT 1030 OC edition 2GB GDDR5 Graphics Card,"10,000৳",https://www.startech.com.bd/asus-ph-gt1030-oc-2gb-graphics-card,https://www.startech.com.bd/image/cache/catalog/graphics-card/asus/1030-2g-gddr5/asus-gt1030-o2g-228x228.jpg
Gigabyte GT 710 2GB DDR3 Graphics Card,"4,500৳",https://www.startech.com.bd/gigabyte-gv-n710d3-2gl,https://www.startech.com.bd/image/cache/catalog/graphics/Gigabyte/Gigabyte GV-N710D3-2GL-1-228x228.png
ASUS PRIME B250M-D motherboard,"7,500৳",https://www.startech.com.bd/asus-prime-b250m-d-motherboard,https://www.startech.com.bd/image/cache/catalog/Component/motherboard/asus/d-228x228.png
Gigabyte B360M D3H 8th Gen Micro ATX Motherboard,"8,400৳",https://www.startech.com.bd/gigabyte-b360m-d3h-8th-gen-micro-atx-motherboard,https://www.startech.com.bd/image/cache/catalog/motherboard/gigabyte/b360m-d3h/b360m-d3h-1-228x228.jpg
Asus Radeon RX 550 4GB GDDR5 Graphics Card,"14,700৳",https://www.startech.com.bd/asus-radeon-rx550-4gb-gddr5 ,https://www.startech.com.bd/image/cache/catalog/Component/graphics card/asus/rx580/nnn-228x228.png
Gigabyte GT 710 2GB DDR5 Graphics Card,"5,100৳",https://www.startech.com.bd/gigabyte-gt-710-2gb-ddr5-graphics-card,https://www.startech.com.bd/image/cache/catalog/Component/graphics card/Gigabyte/new/g 710 d5-228x228.png
Gigabyte GT 1030 2GB OC Graphics card,"8,500৳",https://www.startech.com.bd/gigabyte-ggt-1030-oc-2g,https://www.startech.com.bd/image/cache/catalog/Component/graphics card/Gigabyte/gtx_1030/gtx_1030-228x228.png
Asus Dual series Radeon RX 580 OC edition 8GB GDDR5 Graphics Card,"35,000৳",https://www.startech.com.bd/asus-dual-radeon-rx580-oc-8g-graphics-card,https://www.startech.com.bd/image/cache/catalog/Component/graphics card/asus/rx580-oc/asus-dual-rx580-oc-8g-228x228.jpg
Gigabyte GeForce RTX 2070 Windforce 8GB GDDR6 Graphics Card,"53,000৳",https://www.startech.com.bd/gigabyte-rtx-2070-windforce-8gb-graphics-card,https://www.startech.com.bd/image/cache/catalog/graphics-card/gigabyte/2070-windforce/windforce-228x228.jpg
GALAX GeForce RTX 2080 OC 8GB GDDR6 Graphics Card,"80,000৳",https://www.startech.com.bd/galax-rtx-2080-oc-8gb-graphics-card,https://www.startech.com.bd/image/cache/catalog/graphics-card/galax/2080-oc-8gb/2080-oc-228x228.jpg
XFX Amd Radeon RX590 Fatboy 8GB OC DDR5 Graphics Card,"27,200৳",https://www.startech.com.bd/xfx-amd-radeon-rx590-8gb-graphics-card,https://www.startech.com.bd/image/cache/catalog/graphics-card/xfx/rx590-228x228.jpg
Asrock X399 Phantom Gaming 6 AMD Motherboard,"28,300৳",https://www.startech.com.bd/asrock-x399-phantom-gaming-6-motherboard,https://www.startech.com.bd/image/cache/catalog/motherboard/asrock/x399-phantom-gaming-6/x399-phantom-gaming-6-1-228x228.jpg
Gigabyte B360M-DS3H 8th Gen Motherboard ,"8,300৳",https://www.startech.com.bd/gigabyte-b360m-ds3h-motherboard,https://www.startech.com.bd/image/cache/catalog/motherboard/gigabyte/b360m-ds3h/gigabyte-b360m-ds3h-1-228x228.jpg
Asrock Fatal1ty B360 Gaming K4 8th Gen DDR4 Motherboard,"12,000৳",https://www.startech.com.bd/asrock-fatal1ty-b360-gaming-k4-motherboard,https://www.startech.com.bd/image/cache/catalog/motherboard/asrock/b360-k4/b360-k4-228x228.jpg
Asus PRIME B360M-K 8th Gen mATX Motherboard,"8,250৳",https://www.startech.com.bd/asus-prime-b360m-k-matx-motherboard,https://www.startech.com.bd/image/cache/catalog/motherboard/asus/prime-b360m-k/asus-prime-b360m-k-1-228x228.jpg
Gigabyte B360 HD3 8th Gen DDR4 Motherboard,"9,000৳",https://www.startech.com.bd/gigabyte-b360-hd3-motherboard,https://www.startech.com.bd/image/cache/catalog/motherboard/gigabyte/b360-hd3/hd3-228x228.jpg
Gigabyte X470 AORUS GAMING 5 WIFI Motherboard,"17,700৳",https://www.startech.com.bd/gigabyte-x470-gaming-5-wifi-motherboard,https://www.startech.com.bd/image/cache/catalog/motherboard/gigabyte/x470-gaming5/x470-gaming5-228x228.jpg
ASRock H110 Pro BTC+ DDR4 Motherboard,"12,800৳",https://www.startech.com.bd/asrock-h110-pro-btc-plus-motherboard,https://www.startech.com.bd/image/cache/catalog/component/motherboard/asrock/h110-pro-btc-228x228.png
ASRock X399 Taichi USB 3.1 ATX AMD Motherboard,"36,600৳",https://www.startech.com.bd/asrock-x399-taichi,https://www.startech.com.bd/image/cache/catalog/Component/motherboard/Asrock m/399 taichi/X399 Taichi1-228x228.jpg
Asus PRIME B360M-D 8th Gen mATX Motherboard,"8,500৳",https://www.startech.com.bd/asus-prime-b360m-d-8th-gen-motherboard,https://www.startech.com.bd/image/cache/catalog/motherboard/asus/prime-b360m-d/asus-prime-b360m-d-1-228x228.jpg
Gigabyte B360M AORUS GAMING 3 8th Gen Motherboard,"9,500৳",https://www.startech.com.bd/gigabyte-b360m-aorus-gaming-3-motherboard,https://www.startech.com.bd/image/cache/catalog/motherboard/gigabyte/b360m-gaming3/gaming3-228x228.jpg
Asrock Fatal1ty H370 Performance 8th Gen DDR4 Motherboard,"13,400৳",https://www.startech.com.bd/asrock-fatal1ty-h370-performance-motherboard,https://www.startech.com.bd/image/cache/catalog/motherboard/asrock/h370-performance/h370-performance-228x228.jpg
Asus TUF B360M-E GAMING 8th Gen mATX Motherboard,"9,000৳",https://www.startech.com.bd/asus-tuf-b360m-e-gaming-8th-gen-motherboard,https://www.startech.com.bd/image/cache/catalog/motherboard/asus/tuf-b360m-e-gaming/tuf-b360m-e-gaming-1-228x228.jpg
Gigabyte H370M DS3H 8th Gen Micro ATX Motherboard,"9,900৳",https://www.startech.com.bd/gigabyte-h370m-ds3h-8th-gen-motherboard,https://www.startech.com.bd/image/cache/catalog/motherboard/gigabyte/h370m-ds3h/h370m-ds3h-1-228x228.jpg
ASRock Fatal1ty X399 Professional Gaming AMD Motherboard,"44,600৳",https://www.startech.com.bd/asrock-x399-gaming-motherboard,https://www.startech.com.bd/image/cache/catalog/Component/motherboard/Asrock m/gaming 399/Fatal1ty X399-228x228.jpg
Asus TUF B360M-PLUS Gaming 8th Gen Motherboard,"10,050৳",https://www.startech.com.bd/asus-tuf-B360m-plus-motherboard,https://www.startech.com.bd/image/cache/catalog/motherboard/asus/b360m-plus/b360m-plus-228x228.jpg
Gigabyte GA-Gaming B8 Motherboard,"10,000৳",https://www.startech.com.bd/gigabyte-ga-gaming-b8,https://www.startech.com.bd/image/cache/catalog/Motherboard/Gigabyte/7th Gen/Gigabyte GA-Gaming B8-1-228x228.jpg
Asus PRIME B360-PLUS 8th Gen ATX Motherboard,"10,500৳",https://www.startech.com.bd/asus-prime-b360-plus-8th-gen-motherboard,https://www.startech.com.bd/image/cache/catalog/motherboard/asus/prime-b360-plus/asus-prime-b360-plus-1-228x228.jpg
Gigabyte Z370M DS3H Ultra Durable 8th Gen DDR4 Motherboard,"10,900৳",https://www.startech.com.bd/gigabyte-z370m-ds3h-motherboard,https://www.startech.com.bd/image/cache/catalog/motherboard/gigabyte/z370m-ds3h/z370m-ds3h-228x228.jpg
Asrock Z390 Extreme4 9th Gen Atx Motherboard,"17,850৳",https://www.startech.com.bd/asrock-z390-extreme4-motherboard,https://www.startech.com.bd/image/cache/catalog/motherboard/asrock/z390-extreme4/z390-extreme4-228x228.jpg
Asus ROG STRIX B360-G Gaming 8th Gen Motherboard,"10,600৳",https://www.startech.com.bd/asus-rog-strix-b360-g-motherboard,https://www.startech.com.bd/image/cache/catalog/motherboard/asus/b360-g/b360-g-228x228.jpg
Gigabyte H370 HD3 8th Gen Ultra Durable Motherboard,"11,400৳",https://www.startech.com.bd/gigabyte-h370-hd3-8th-gen-motherboard,https://www.startech.com.bd/image/cache/catalog/motherboard/gigabyte/h370-hd3/gigabyte-h370-hd3-1-228x228.jpg
Asrock Z370 Taichi USB 3.1 8th Gen WiFi Motherboard,"19,500৳",https://www.startech.com.bd/asrock-z370-taichi-8th-gen-motherboard,https://www.startech.com.bd/image/cache/catalog/component/motherboard/asrock/z370-taichi/z370-taichi-228x228.png
Asus PRIME H370-PLUS 8th Gen ATX Motherboard,"11,500৳",https://www.startech.com.bd/asus-prime-h370-plus-8th-gen-motherboard,https://www.startech.com.bd/image/cache/catalog/motherboard/asus/prime-h370-plus/asus-prime-h370-plus-1-228x228.jpg
Gigabyte B360 Aorus Gaming 3 WiFi 8th Gen DDR4 Motherboard,"11,200৳",https://www.startech.com.bd/gigabyte-b360-aorus-gaming-3-wifi-motherboard,https://www.startech.com.bd/image/cache/catalog/motherboard/gigabyte/b360-aorus-gaming-3-wifi/b360-gaming-3-wifi-228x228.jpg
Asrock Z390 Taichi 9th Gen Atx Motherboard,"23,100৳",https://www.startech.com.bd/asrock-z390-taichi-motherboard,https://www.startech.com.bd/image/cache/catalog/motherboard/asrock/z390-taichi/z390-taichi-228x228.jpg
Asus ROG STRIX B360-H GAMING 8th Gen ATX Motherboard,"11,500৳",https://www.startech.com.bd/asus-rog-strix-b360-h-gaming-motherboard,https://www.startech.com.bd/image/cache/catalog/motherboard/asus/rog-strix-b360-h-gaming/asus-rog-strix-b360-h-gaming-1-228x228.jpg
Gigabyte X299 AORUS Gaming 3 Motherboard,"27,500৳",https://www.startech.com.bd/gigabyte-x299-aorus-gaming-3-motherboard,https://www.startech.com.bd/image/cache/catalog/Component/motherboard/Giga/x299-g3/x299-g3-1-228x228.png
Asus TUF B360-PRO GAMING (WI-FI) 8th Gen ATX Motherboard,"12,500৳",https://www.startech.com.bd/asus-tuf-b360-pro-gaming-wi-fi-motherboard,https://www.startech.com.bd/image/cache/catalog/motherboard/asus/tuf-b360-pro-gaming-wi-fi/asus-tuf-b360-pro-gaming-wi-fi-1-228x228.jpg
Gigabyte Z370M D3H Ultra Durable 8th Gen Motherboard,"12,200৳",https://www.startech.com.bd/gigabyte-z370m-d3h-8th-gen-motherboard,https://www.startech.com.bd/image/cache/catalog/Motherboard/Gigabyte/gigabyte-z370m-d3h/gigabyte-z370m-d3h-1-228x228.jpg
ASRock Fatal1ty X299 Gaming K6 Intel ATX Motherboard ,"27,750৳",https://www.startech.com.bd/asrock-fatal1ty-x299-gaming-k6-motherboard,https://www.startech.com.bd/image/cache/catalog/Component/motherboard/Asrock m/k6 x299/X299 Gaming K6-1-228x228.jpg
ASUS PRIME Z270-P 7th/6th Gen ATX Motherboard,"12,600৳",https://www.startech.com.bd/asus-prime-z270-p-motherboard,https://www.startech.com.bd/image/cache/catalog/motherboard/asus/prime-z270-p/prime-z270-p-1-228x228.jpg
ASRock X299 Taichi USB 3.1 ATX Intel Motherboard,"31,750৳",https://www.startech.com.bd/asrock-x299-taichi,https://www.startech.com.bd/image/cache/catalog/Component/motherboard/Asrock m/X299 Taichi-1m-228x228.jpg
Asus Rog Strix B360-F GAMING 8th Gen Motherboard,"13,150৳",https://www.startech.com.bd/asus-rog-strix-b360-f-motherboard,https://www.startech.com.bd/image/cache/catalog/motherboard/asus/b360-f/asus-b360-f-228x228.jpg
Gigabyte Z390 UD 9th Gen ATX Motherboard,"12,100৳",https://www.startech.com.bd/gigabyte-z390-ud-9th-gen-atx-motherboard,https://www.startech.com.bd/image/cache/catalog/motherboard/gigabyte/z390-ud/z390-ud-1-228x228.jpg
Asus TUF H370-PRO GAMING (WI-FI) 8th Gen ATX Motherboard,"13,500৳",https://www.startech.com.bd/asus-tuf-h370-pro-gaming-wi-fI-motherboard,https://www.startech.com.bd/image/cache/catalog/motherboard/asus/tuf-h370-pro-gaming-wi-fI/asus-tuf-h370-pro-gaming-wi-fI-1-228x228.jpg
Gigabyte Z370 HD3 Ultra Durable Motherboard ,"13,000৳",https://www.startech.com.bd/gigabyte-z370-hd3-motherboard,https://www.startech.com.bd/image/cache/catalog/Component/motherboard/Giga/Z370_hd3/z370_hd3-228x228.png
Asus ROG STRIX B360-I GAMING 8th Gen mini-ITX Motherboard,"14,000৳",https://www.startech.com.bd/asus-rog-strix-b360-i-gaming-mini-itx-motherboard,https://www.startech.com.bd/image/cache/catalog/motherboard/asus/rog-strix-b360-i-gaming/rog-strix-b360-i-gaming-1-228x228.jpg
Gigabyte Z390 M GAMING 9th Gen Micro ATX Motherboard,"12,800৳",https://www.startech.com.bd/gigabyte-z390-m-gaming-9th-gen-motherboard,https://www.startech.com.bd/image/cache/catalog/motherboard/gigabyte/z390-m-gaming/z390-m-gaming-228x228.jpg
ASUS PRIME Z370-P LGA1151 DDR4 HDMI DVI M.2 ATX Motherboard,"14,650৳",https://www.startech.com.bd/asus-prime-z370-p,https://www.startech.com.bd/image/cache/catalog/component/motherboard/asus/z370-p/z370-p-228x228.png
Gigabyte H370 AORUS GAMING 3 WIFI 8th Gen Motherboard,"14,000৳",https://www.startech.com.bd/gigabyte-h370-aorus-gaming-3-wifi-motherboard,https://www.startech.com.bd/image/cache/catalog/motherboard/gigabyte/h370-aorus-gaming-3-wifi/h370-aorusgaming-3-wifi-228x228.jpg
Asrock B450M Pro4 AMD Motherboard,"8,800৳",https://www.startech.com.bd/asrock-b450m-pro4-motherboard,https://www.startech.com.bd/image/cache/catalog/motherboard/asrock/B450m-Pro4/B450m-Pro4-228x228.jpg
ASUS PRIME Z390M-PLUS 9th Gen mATX Motherboard,"15,000৳",https://www.startech.com.bd/asus-prime-z390m-plus-9th-gen-motherboard,https://www.startech.com.bd/image/cache/catalog/motherboard/asus/prime-z390m-plus/asus-prime-z390m-plus-1-228x228.jpg
Asus Rog Maximus X Hero WI-FI AC 8th Gen ATX Motherboard,"30,000৳",https://www.startech.com.bd/asus-rog-maximus-x-hero-wi-fi-ac-motherboard,https://www.startech.com.bd/image/cache/catalog/asus-motherboard/x-hero-wifi-ac/rog-maximus-x-hero-wifi-ac-228x228.jpg
Asus B250 Mining Expert Intel LGA-1151 ATX DDR4 Motherboard,"16,500৳",https://www.startech.com.bd/asus-b250-mining-expert-motherboard,https://www.startech.com.bd/image/cache/catalog/asus-motherboard/b250-mining-expert/b250-mining-1-228x228.jpg
Gigabyte Z370XP SLI Ultra Durable Supports 8th Gen Processors Motherboard ,"14,500৳",https://www.startech.com.bd/gigabyte-z370xp-sli-8th-gen-motherboard,https://www.startech.com.bd/image/cache/catalog/Component/motherboard/Giga/GA-Z370-XP-SLI/z370-xp-1-228x228.png
Asus TUF Z370-PLUS GAMING II 9th Gen gaming Motherboard,"16,200৳",https://www.startech.com.bd/asus-tuf-z370-plus-gaming-II-motherboard,https://www.startech.com.bd/image/cache/catalog/motherboard/asus/z370-plus-gaming-11/z370-plus-228x228.jpg
Gigabyte Z390 GAMING SLI 9th Gen ATX Motherboard,"14,800৳",https://www.startech.com.bd/gigabyte-z390-gaming-sli-9th-gen-motherboard,https://www.startech.com.bd/image/cache/catalog/motherboard/gigabyte/z390-gaming-sli/z390-gaming-sli-1-228x228.jpg
ASUS TUF Z390-PLUS GAMING 9th Gen ATX Gaming Motherboard,"17,500৳",https://www.startech.com.bd/asus-tuf-z390-plus-gaming-9th-gen-motherboard,https://www.startech.com.bd/image/cache/catalog/motherboard/asus/tuf-z390-plus-gaming/tuf-z390-plus-gaming-1-228x228.jpg
ASUS TUF Z390M-PRO GAMING 9th Gen mATX Gaming Motherboard,"17,500৳",https://www.startech.com.bd/asus-tuf-z390m-pro-gaming-9th-gen-motherboard,https://www.startech.com.bd/image/cache/catalog/motherboard/asus/tuf-z390m-pro-gaming/tuf-z390m-pro-gaming-1-228x228.jpg
Asus Rog Strix Z370H 8th Gen DDR4 ATX Gaming Motherboard,"17,750৳",https://www.startech.com.bd/asus-rog-strix-z370-h-ddr4-motherboard,https://www.startech.com.bd/image/cache/catalog/component/motherboard/asus/z370-h/z370-h-228x228.jpg
Gigabyte Z390 Aorus Pro Wifi 9th Gen Motherboard,"18,600৳",https://www.startech.com.bd/gigabyte-z390-aorus-pro-wifi-9th-gen-motherboard,https://www.startech.com.bd/image/cache/catalog/motherboard/gigabyte/z390-wifi/z390-wifi-228x228.jpg
Gigabyte Z390 Aorus Xtreme Waterforce Motherboard,"73,000৳",https://www.startech.com.bd/z390-aorus-xtreme-waterforce-motherboard,https://www.startech.com.bd/image/cache/catalog/motherboard/gigabyte/z390-aorus-waterforce/z390-228x228.jpg
ASUS TUF Z390-PRO GAMING 9th Gen ATX Gaming Motherboard,"18,000৳",https://www.startech.com.bd/asus-tuf-z390-pro-gaming-9th-gen-motherboard,https://www.startech.com.bd/image/cache/catalog/motherboard/asus/tuf-z390-pro-gaming/tuf-z390-pro-gaming-1-228x228.jpg
Gigabyte Z390 Aorus Ultra 9th Gen Motherboard,"21,800৳",https://www.startech.com.bd/gigabyte-z390-9th-gen-motherboard,https://www.startech.com.bd/image/cache/catalog/motherboard/gigabyte/z390-aorus-ultra/z390-ultra-228x228.jpg
AsusTUF Z390-PLUS GAMING (WI-FI) 9th Gen Motherboard,"18,800৳",https://www.startech.com.bd/asustuf-z390-plus-wif-motherboard,https://www.startech.com.bd/image/cache/catalog/motherboard/asus/z390-plus-wifi/z390-228x228.jpg
Asus Rog Strix Z390-H 9th Gen Atx Gaming Motherboard,"19,300৳",https://www.startech.com.bd/asus-rog-strix-z390-h-motherboard,https://www.startech.com.bd/image/cache/catalog/motherboard/asus/z390-h/z390-h-228x228.jpg
ASUS P10S WS Intel C236 Chipset Server Motherboard,"20,100৳",https://www.startech.com.bd/asus-p10s-ws-motherboard,https://www.startech.com.bd/image/cache/catalog/motherboard/asus/bs10s/p10s-228x228.png
Asus ROG MAXIMUS IX APEX Motherboard,"28,000৳",https://www.startech.com.bd/asus-rog-maximus-ix-apex,https://www.startech.com.bd/image/cache/catalog/Motherboard/ASUS/Asus ROG MAXIMUS IX APEX/Asus ROG MAXIMUS IX APEX-1-228x228.jpg
Gigabyte Z390 Aorus Elite 9th Gen Motherboard,"16,500৳",https://www.startech.com.bd/gigabyte-z390-aorus-elite,https://www.startech.com.bd/image/cache/catalog/motherboard/gigabyte/z390-elite/z390-elite-228x228.jpg
Asrock B250M-HDV USB 3.1 DDR4 Micro ATX Motherboard,"6,300৳",https://www.startech.com.bd/asrock-b250m-hdv-motherboard,https://www.startech.com.bd/image/cache/catalog/motherboard/asrock/asrock-b250m-hdv/b250m-hdv-228x228.jpg
ASRock Fatal1ty AB350 Gaming K4 Motherboard,"10,200৳",https://www.startech.com.bd/asrock-fatal1ty-ab350-gaming-k4,https://www.startech.com.bd/image/cache/catalog/Motherboard/ASRock/ASRock Fatal1ty AB350 Gaming K4/ASRock Fatal1ty AB350 Gaming K4-1-228x228.jpg
Asrock Fatal1ty B360M Performance 8th Gen Motherboard,"10,300৳",https://www.startech.com.bd/asrock-fatal1ty-b360m-performance-motherboard,https://www.startech.com.bd/image/cache/catalog/motherboard/asrock/asrock-b360m-performance/asrock-b360m-performance-228x228.jpg
ASRock Fatal1ty X370 Gaming X AMD Motherboard ,"15,000৳",https://www.startech.com.bd/asrock-fatal1ty-x370-gaming-x-motherboard,https://www.startech.com.bd/image/cache/catalog/Component/motherboard/Asrock m/x 370 gaming x/Fatal1ty X370 Gaming X11-228x228.png
ASRock Fatal1ty X370 Pro Gaming AMD Motherboard,"25,000৳",https://www.startech.com.bd/asrock-fatal1ty-x370-pro-gaming-motherboard,https://www.startech.com.bd/image/cache/catalog/Component/motherboard/Asrock m/x370/x370-1-228x228.jpg
ASRock H110M-HDV Micro ATX DDR4 Motherboard,"5,000৳",https://www.startech.com.bd/asrock-h110m-hdv-motherboard,https://www.startech.com.bd/image/cache/catalog/motherboard/asrock/h110m-hdv/h110m-hdv-228x228.jpg
Asrock H310M-HDV 8th Gen DDR4 Motherboard,"6,600৳",https://www.startech.com.bd/asrock-h310M-hdv-motherboard,https://www.startech.com.bd/image/cache/catalog/motherboard/asrock/h310m-hdv/h310m-hdv-228x228.jpg
ASRock X470 Master SLI ATX AM4 AMD Motherboard,"15,750৳",https://www.startech.com.bd/asrock-x470-master-sli-motherboard,https://www.startech.com.bd/image/cache/catalog/motherboard/asrock/x470-master-sli/x470-master-sli-228x228.jpg
ASRock X470 Taichi ATX AM4 AMD Motherboard,"23,000৳",https://www.startech.com.bd/asrock-x470-taichi-motherboard,https://www.startech.com.bd/image/cache/catalog/motherboard/asrock/x470-tachi/x470-taichi-228x228.jpg
Asrock Z370M Pro4 USB 3.1 8th Gen Motherboard ,"11,400৳",https://www.startech.com.bd/asrock-z370m-pro4-motherboard,https://www.startech.com.bd/image/cache/catalog/motherboard/asrock/z370m-pro4/z370m-pro4-228x228.jpg
Asus PRIME B360M-A 8th Gen mATX Motherboard,"9,250৳",https://www.startech.com.bd/asus-prime-b360m-a-8th-gen-motherboard,https://www.startech.com.bd/image/cache/catalog/motherboard/asus/prime-b360m-a/asus-prime-b360m-a-1-228x228.jpg
Asus PRIME H310M-D 8th Gen mATX Motherboard,"7,100৳",https://www.startech.com.bd/asus-prime-h310m-d-8th-gen-motherboard,https://www.startech.com.bd/image/cache/catalog/motherboard/asus/prime-h310m-d/asus-prime-h310m-d-1-228x228.jpg
Asus PRIME H310M-E 8th Gen mATX Motherboard,"6,900৳",https://www.startech.com.bd/asus-prime-h310m-e-8th-gen-motherboard,https://www.startech.com.bd/image/cache/catalog/motherboard/asus/prime-h310m-e/prime-h310m-e-1-228x228.jpg
Asus Prime H370-A 8th Gen Motherboard,"11,500৳",https://www.startech.com.bd/asus-prime-h370-a-motherboard,https://www.startech.com.bd/image/cache/catalog/motherboard/asus/h370-a/h370-a-228x228.jpg
Asus Prime J3355I-C DDR3 Mini ITX Motherboard,"5,500৳",https://www.startech.com.bd/asus-prime-j3355i-c-motherboard,https://www.startech.com.bd/image/cache/catalog/motherboard/asus/j3355i/j3355i-228x228.jpg
Asus Prime Z370-A 8th Gen ATX Gaming Motherboard,"18,600৳",https://www.startech.com.bd/asus-prime-z370-a-motherboard,https://www.startech.com.bd/image/cache/catalog/component/motherboard/asus/asus-prime-z370-a/z370-a-228x228.png
Asus Rog Maximus X Code Intel Z370 8th Gen ATX gaming motherboard,"33,500৳",https://www.startech.com.bd/asus-rog-maximus-x-code-motherboard,https://www.startech.com.bd/image/cache/catalog/asus-motherboard/rog-x-code/rog-x-code-1-228x228.jpg
Asus Rog Strix B250F Gaming Motherboard ,"11,700৳",https://www.startech.com.bd/asus-rog-strix-b250f,https://www.startech.com.bd/image/cache/catalog/Motherboard/ASUS/Asus Rog Strix B250F/Asus Rog Strix B250F-1-228x228.jpg
Asus Rog Strix H370-F 8th Gen Gaming Motherboard,"14,100৳",https://www.startech.com.bd/asus-rog-strix-h370-f-motherboard,https://www.startech.com.bd/image/cache/catalog/motherboard/asus/h370-f/h370-f-228x228.jpg
Asus Rog STRIX X299-E Gaming Motherboard,"31,800৳",https://www.startech.com.bd/asus-rog-strix-x299-e-motherboard,https://www.startech.com.bd/image/cache/catalog/Component/motherboard/asus/X299_e/Asus_x299_E-228x228.jpg
Asus Rog Strix Z370-E Gaming ATX Motherboard,"22,000৳",https://www.startech.com.bd/asus-rog-strix-z370-e-gaming,https://www.startech.com.bd/image/cache/catalog/asus-motherboard/z370-e/asus-z370-e-228x228.jpg
Asus Rog Strix Z370-F 8th Gen ATX Gaming Motherboard,"19,600৳",https://www.startech.com.bd/asus-rog-strix-z370-f,https://www.startech.com.bd/image/cache/catalog/component/motherboard/asus/z370-f/z370-f-228x228.jpg
ASUS ROG STRIX Z390-E GAMING 9th Gen ATX Gaming Motherboard,"23,200৳",https://www.startech.com.bd/asus-rog-strix-z390-e-gaming-9th-gen-motherboard,https://www.startech.com.bd/image/cache/catalog/motherboard/asus/rog-strix-z390-e-gaming/z390-e-228x228.jpg
ASUS ROG STRIX Z390-F GAMING 9th Gen ATX Gaming Motherboard,"21,000৳",https://www.startech.com.bd/asus-rog-strix-z390-f-gaming,https://www.startech.com.bd/image/cache/catalog/motherboard/asus/z390-f-gaming/z390-f-gaming-228x228.jpg
Asus Rog Z370 Maximus X Hero 8th Gen ATX Motherboard,"27,000৳",https://www.startech.com.bd/asus-rog-maximus-x-hero,https://www.startech.com.bd/image/cache/catalog/motherboard/asus/x-hero/rog-x-228x228.jpg
Asus TUF B450-PLUS GAMING AMD ATX Motherboard,"11,200৳",https://www.startech.com.bd/asus-tuf-b450-plus-gaming-amd-motherboard,https://www.startech.com.bd/image/cache/catalog/motherboard/asus/tuf-b450-plus-gaming/tuf-b450-plus-gaming-1-228x228.jpg
Asus TUF H310M-PLUS GAMING 8th Gen mATX Motherboard,"7,500৳",https://www.startech.com.bd/asus-tuf-h310m-plus-gaming-motherboard,https://www.startech.com.bd/image/cache/catalog/motherboard/asus/tuf-h310m-plus-gaming/tuf-h310m-plus-gaming-1-228x228.jpg
Asus TUF Z370-PLUS 8th Gen ATX Gaming Motherboard ,"16,300৳",https://www.startech.com.bd/asus-tuf-z370-plus,https://www.startech.com.bd/image/cache/catalog/component/motherboard/asus/tuf-z370-plus/z370-228x228.jpg
Gigabyte AB350M HD3 AMD Motherboard,"7,700৳",https://www.startech.com.bd/gigabyte-ab350m-hd3,https://www.startech.com.bd/image/cache/catalog/motherboard/gigabyte/ab350m-hd3/ab350m-hd3-228x228.jpg
Gigabyte Aorus Z370 Gaming 3 ATX Motherboard,"15,500৳",https://www.startech.com.bd/gigabyte-aorus-z370-gaming-3,https://www.startech.com.bd/image/cache/catalog/Component/motherboard/Giga/z370-gaming-3/gaga-gaming-3-228x228.png
Gigabyte Aorus Z370 Gaming 5 ATX Motherboard,"19,700৳",https://www.startech.com.bd/gigabyte-aorus-z370-gaming-5,https://www.startech.com.bd/image/cache/catalog/Component/motherboard/Giga/Z370-gaming-5/z370-gaming-5-228x228.png
Gigabyte Aorus Z370 Gaming 7 ATX Motherboard,"24,800৳",https://www.startech.com.bd/gigabyte-aorus-z370-gaming-7-motherboard,https://www.startech.com.bd/image/cache/catalog/Component/motherboard/Giga/Z370 AORUS Gaming 7/giga-z370-gaming-7-228x228.png
Gigabyte B450 AORUS PRO AM4 AMD ATX Motherboard,"11,500৳",https://www.startech.com.bd/gigabyte-b450-aorus-pro-amd-motherboard,https://www.startech.com.bd/image/cache/catalog/motherboard/gigabyte/b450-aorus-pro/gigabyte-b450-aorus-pro-1-228x228.jpg
Gigabyte B450 AORUS PRO WIFI AMD ATX Motherboard,"12,100৳",https://www.startech.com.bd/gigabyte-b450-aorus-pro-wifi-motherboard,https://www.startech.com.bd/image/cache/catalog/motherboard/gigabyte/b450-aorus-pro-wifi/b450-aorus-pro-wifi-1-228x228.jpg
Gigabyte GA-A320M-HD2 AMD Micro ATX Motherboard,"5,750৳",https://www.startech.com.bd/gigabyte-ga-a320m-hd2-amd-motherboard,https://www.startech.com.bd/image/cache/catalog/motherboard/gigabyte/ga-a320m-hd2/ga-a320m-hd2-1-228x228.jpg
Gigabyte GA-AB350M-D3H AMD Micro ATX Motherboard,"7,900৳",https://www.startech.com.bd/gigabyte-ga-ab350m-d3h-amd-motherboard,https://www.startech.com.bd/image/cache/catalog/motherboard/gigabyte/ga-ab350m-d3h/ga-ab350m-d3h-1-228x228.jpg
Gigabyte GA-B250M-D3H Motherboard,"7,700৳",https://www.startech.com.bd/gigabyte-ga-b250m-d3h,https://www.startech.com.bd/image/cache/catalog/Motherboard/Gigabyte/7th Gen/Gigabyte GA-B250M-D3H-1-228x228.jpg
Gigabyte GA-B250M-HD3 Motherboard,"6,900৳",https://www.startech.com.bd/gigabyte-ga-b250m-hd3,https://www.startech.com.bd/image/cache/catalog/Motherboard/Gigabyte/7th Gen/GIGABYTE GA-B250M-HD3/GIGABYTE GA-B250M-HD3-1-228x228.jpg
Gigabyte GA-H110M-H Micro ATX Motherboard,"5,500৳",https://www.startech.com.bd/gigabyte-ga-h110m-h-motherboard,https://www.startech.com.bd/image/cache/catalog/motherboard/gigabyte/ga-h110m-h/ga-h110m-h-1-228x228.jpg
Gigabyte GA-H110M-S2 Micro ATX Motherboard,"5,400৳",https://www.startech.com.bd/gigabyte-ga-h110m-s2-micro-atx-motherboard,https://www.startech.com.bd/image/cache/catalog/motherboard/gigabyte/ga-h110m-s2/ga-h110m-s2-1-228x228.jpg
Gigabyte GA-H61M-DS2 Motherboard,"6,000৳",https://www.startech.com.bd/gigabyte-ga-h61m-ds2,https://www.startech.com.bd/image/cache/catalog/Motherboard/Gigabyte/GA-H61M-DS2-228x228.jpg
GIGABYTE GA-H81M-S2PV,"5,000৳",https://www.startech.com.bd/gigabyte-ga-h81m-s2pv,https://www.startech.com.bd/image/cache/data/mother board/H81M-S2PV-228x228.jpg
Gigabyte H370M D3H Ultra Durable 8th Gen Motherboard,"10,700৳",https://www.startech.com.bd/gigabyte-h370m-d3h-motherboard,https://www.startech.com.bd/image/cache/catalog/motherboard/gigabyte/h370m-d3h/h370m-d3h-228x228.jpg
Gigabyte H370N WIFI 8th Gen Mini-ITX Motherboard,"10,500৳",https://www.startech.com.bd/gigabyte-h370n-wifi-8th-gen-motherboard,https://www.startech.com.bd/image/cache/catalog/motherboard/gigabyte/h370n/gigabyte-h370n-1-228x228.jpg
Gigabyte H61M S2PH Motherboard,"5,800৳",https://www.startech.com.bd/gigabyte-h61m-s2ph-motherboard,https://www.startech.com.bd/image/cache/catalog/motherboard/gigabyte/h61m-s2ph/h61m-s2ph-228x228.jpg
Gigabyte X299 AORUS Gaming 7 Motherboard,"44,000৳",https://www.startech.com.bd/x299-aorus-gaming-7-motherboard,https://www.startech.com.bd/image/cache/catalog/Component/motherboard/Giga/x299-ga-7/x299-g3-1-228x228.png
Gigabyte X299 Ultra Durable Motherboard ,"24,000৳",https://www.startech.com.bd/gigabyte-x299-ud4-motherboard,https://www.startech.com.bd/image/cache/catalog/Component/motherboard/Giga/x299-ud4/ud4-1-228x228.png
Gigabyte X399 AORUS Gaming 7 AMD ATX Motherboard,"39,500৳",https://www.startech.com.bd/gigabyte-x399-aorus-gaming-7-motherboard,https://www.startech.com.bd/image/cache/catalog/motherboard/gigabyte/x399-aorus-gaming-7/x399-aorus-gaming-7-1-228x228.jpg
Gigabyte X470 AORUS GAMING 7 WIFI AM4 AMD ATX Motherboard,"22,500৳",https://www.startech.com.bd/gigabyte-x470-aorus-gaming-7-amd-motherboard,https://www.startech.com.bd/image/cache/catalog/motherboard/gigabyte/x470-aorus-gaming-7/gigabyte-x470-aorus-gaming-7-1-228x228.jpg
Gigabyte Z370N WiFi Ultra Durable 8th Gen Motherboard,"14,000৳",https://www.startech.com.bd/gigabyte-z370n-wifi-motherboard,https://www.startech.com.bd/image/cache/catalog/motherboard/gigabyte/z370n-wifi/z370n-wifi-228x228.jpg
Gigabyte Z390 Aorus Master 9th Gen Motherboard,"23,900৳",https://www.startech.com.bd/gigabyte-z390-aorus-master-motherboard,https://www.startech.com.bd/image/cache/catalog/motherboard/gigabyte/z390-master/z390-master-228x228.jpg
Gigabyte Z390 GAMING X 9th Gen ATX Motherboard,"14,100৳",https://www.startech.com.bd/gigabyte-z390-gaming-x-9th-gen-motherboard,https://www.startech.com.bd/image/cache/catalog/motherboard/gigabyte/z390-gaming-x/z390-gaming-x-1-228x228.jpg
MSI B250 KRAIT GAMING Motherboard,"10,200৳",https://www.startech.com.bd/msi-b250-krait-gaming,https://www.startech.com.bd/image/cache/catalog/Motherboard/msi/7th Gen/MSI B250 KRAIT GAMING/MSI B250 KRAIT GAMING-1-228x228.jpg
MSI B360 Gaming Plus 8th Gen DDR4 Motherboard,"11,500৳",https://www.startech.com.bd/msi-b360-gaming-plus-motherboard,https://www.startech.com.bd/image/cache/catalog/motherboard/msi/b360-plus/b360-gaming-plus-228x228.jpg
MSI B360M Mortar 8th Gen DDR4 Motherboard,"10,500৳",https://www.startech.com.bd/msi-b360m-mortar-motherboard,https://www.startech.com.bd/image/cache/catalog/motherboard/msi/b360m-mortar/b360m-morter-228x228.jpg
MSI H370 Gaming Pro Carbon 8th Gen DDR4 Motherboard,"15,200৳",https://www.startech.com.bd/msi-h370-gaming-pro-carbon-motherboard,https://www.startech.com.bd/image/cache/catalog/motherboard/msi/h370-carbon/h370-curbon-228x228.jpg
MSI H370m Bazooka 8th Gen DDR4 Motherboard,"12,700৳",https://www.startech.com.bd/msi-h370m-bazooka-motherboard,https://www.startech.com.bd/image/cache/catalog/motherboard/msi/h370-bazooka/h370m-bazooka-228x228.jpg
Asus Prime X399-A AMD Motherboard,"29,900৳",https://www.startech.com.bd/asus-prime-x399-a-motherboard,https://www.startech.com.bd/image/cache/catalog/motherboard/asus/x399-a/x399-a-1-228x228.png
Gigabyte B450 AORUS M AMD Micro ATX Motherboard,"9,900৳",https://www.startech.com.bd/gigabyte-b450-aorus-m-amd-motherboard,https://www.startech.com.bd/image/cache/catalog/motherboard/gigabyte/b450-aorus-m/b450-aorus-m-1-228x228.jpg
Asrock Fatal1ty X99M Killer/3.1 Motherboard,"17,300৳",https://www.startech.com.bd/asrock-fatal1ty-x99m-killer-3.1-motherboard,https://www.startech.com.bd/image/cache/catalog/motherboard/asrock/fatal1ty-x99m-killer-3.1/fatal1ty-x99m-killer-3.1-1-228x228.jpg
MSI H310M PRO-VH DDR4 8th Gen Motherboard,"6,500৳",https://www.startech.com.bd/msi-h310m-pro-vh-motherboard,https://www.startech.com.bd/image/cache/catalog/motherboard/msi/h310m-pro-vh/h310m-pro-vh copy-228x228.jpg
Asrock B360 Pro4 8th Gen DDR4 Motherboard,"10,000৳",https://www.startech.com.bd/asrock-b360-pro4-motherboard,https://www.startech.com.bd/image/cache/catalog/motherboard/asrock/b360-pro4/b360-pro4-228x228.jpg
ASRock X370 Taichi Motherboard,"21,500৳",https://www.startech.com.bd/asrock-x370-taichi,https://www.startech.com.bd/image/cache/catalog/Motherboard/ASRock/ASRock X370 Taichi/ASRock X370 Taichi-1-228x228.jpg
ASRock H370M Pro4 8th Gen DDR4 Motherboard,"10,300৳",https://www.startech.com.bd/asrock-h370m-pro4-motherboard,https://www.startech.com.bd/image/cache/catalog/motherboard/asrock/h370m-pro4/h370m-pro4-228x228.jpg
Asrock Z370 Pro4 USB 3.1 Intel 8th Gen Motherboard,"13,500৳",https://www.startech.com.bd/asrock-z370-pro4-8th-gen-motherboard,https://www.startech.com.bd/image/cache/catalog/component/motherboard/asrock/z370-pro-4/z370-pro4-228x228.png
